-- Simplified SQL for worker 1006 November 2025 shifts
-- Only essential columns: entry_id, exit, break timings, entry, exit

-- Shift 1: Sat 1/11/25 - 23:00 to 8:00 next day, 1 hour break
INSERT INTO shifts (entry_id, entry, exit, break_start, break_end) 
VALUES (1, '23:00', '08:00', '02:00', '03:00');

-- Shift 2: Sun 2/11/25 - 23:00 to 8:00 next day, 1 hour break
INSERT INTO shifts (entry_id, entry, exit, break_start, break_end) 
VALUES (2, '23:00', '08:00', '02:00', '03:00');

-- Shift 3: Mon 3/11/25 - 23:00 to 8:00 next day, 1 hour break
INSERT INTO shifts (entry_id, entry, exit, break_start, break_end) 
VALUES (3, '23:00', '08:00', '02:00', '03:00');

-- Shift 4: Tue 4/11/25 - 23:00 to 8:00 next day, 1 hour break
INSERT INTO shifts (entry_id, entry, exit, break_start, break_end) 
VALUES (4, '23:00', '08:00', '02:00', '03:00');

-- Shift 5: Wed 5/11/25 - 23:00 to 8:00 next day, 1 hour break
INSERT INTO shifts (entry_id, entry, exit, break_start, break_end) 
VALUES (5, '23:00', '08:00', '02:00', '03:00');

-- Shift 6: Thu 6/11/25 - 23:00 to 8:00 next day, 1 hour break
INSERT INTO shifts (entry_id, entry, exit, break_start, break_end) 
VALUES (6, '23:00', '08:00', '02:00', '03:00');

-- Shift 7: Fri 7/11/25 - 23:00 to 8:00 next day, 1 hour break
INSERT INTO shifts (entry_id, entry, exit, break_start, break_end) 
VALUES (7, '23:00', '08:00', '02:00', '03:00');

-- Shift 8: Sat 8/11/25 - 23:00 to 8:00 next day, 1 hour break
INSERT INTO shifts (entry_id, entry, exit, break_start, break_end) 
VALUES (8, '23:00', '08:00', '02:00', '03:00');

-- Shift 9: Sun 9/11/25 - 23:00 to 8:00 next day, 1 hour break
INSERT INTO shifts (entry_id, entry, exit, break_start, break_end) 
VALUES (9, '23:00', '08:00', '02:00', '03:00');

-- Shift 10: Mon 10/11/25 - 23:00 to 8:00 next day, 1 hour break
INSERT INTO shifts (entry_id, entry, exit, break_start, break_end) 
VALUES (10, '23:00', '08:00', '02:00', '03:00');

-- Shift 11: Tue 11/11/25 - 23:00 to 8:00 next day, 1 hour break
INSERT INTO shifts (entry_id, entry, exit, break_start, break_end) 
VALUES (11, '23:00', '08:00', '02:00', '03:00');

-- Shift 12: Wed 12/11/25 - 23:00 to 8:00 next day, 1 hour break
INSERT INTO shifts (entry_id, entry, exit, break_start, break_end) 
VALUES (12, '23:00', '08:00', '02:00', '03:00');

-- Shift 13: Thu 13/11/25 - 23:00 to 8:00 next day, 1 hour break
INSERT INTO shifts (entry_id, entry, exit, break_start, break_end) 
VALUES (13, '23:00', '08:00', '02:00', '03:00');

-- Shift 14: Fri 14/11/25 - 23:00 to 8:00 next day, 1 hour break
INSERT INTO shifts (entry_id, entry, exit, break_start, break_end) 
VALUES (14, '23:00', '08:00', '02:00', '03:00');

-- Shift 15: Sat 15/11/25 - 23:00 to 8:00 next day, 1 hour break
INSERT INTO shifts (entry_id, entry, exit, break_start, break_end) 
VALUES (15, '23:00', '08:00', '02:00', '03:00');

-- Shift 16: Sun 16/11/25 - 23:00 to 8:00 next day, 1 hour break
INSERT INTO shifts (entry_id, entry, exit, break_start, break_end) 
VALUES (16, '23:00', '08:00', '02:00', '03:00');

-- Shift 17: Mon 17/11/25 - 15:00 to 0:00 next day, 1 hour break
INSERT INTO shifts (entry_id, entry, exit, break_start, break_end) 
VALUES (17, '15:00', '00:00', '19:00', '20:00');

-- Shift 18: Tue 18/11/25 - 15:00 to 0:00 next day, 1 hour break
INSERT INTO shifts (entry_id, entry, exit, break_start, break_end) 
VALUES (18, '15:00', '00:00', '19:00', '20:00');

-- Shift 19: Wed 19/11/25 - 15:00 to 0:00 next day, 1 hour break
INSERT INTO shifts (entry_id, entry, exit, break_start, break_end) 
VALUES (19, '15:00', '00:00', '19:00', '20:00');

-- Shift 20: Thu 20/11/25 - 15:00 to 0:00 next day, 1 hour break
INSERT INTO shifts (entry_id, entry, exit, break_start, break_end) 
VALUES (20, '15:00', '00:00', '19:00', '20:00');

-- Shift 21: Fri 21/11/25 - 15:00 to 8:00 next day, 2 hour breaks
INSERT INTO shifts (entry_id, entry, exit, break_start, break_end) 
VALUES (21, '15:00', '08:00', '19:00', '21:00');

-- Shift 22: Sat 22/11/25 - 15:00 to 0:00 next day, 1 hour break
INSERT INTO shifts (entry_id, entry, exit, break_start, break_end) 
VALUES (22, '15:00', '00:00', '19:00', '20:00');

-- Shift 23: Sun 23/11/25 - 15:00 to 8:00 next day, 2 hour breaks
INSERT INTO shifts (entry_id, entry, exit, break_start, break_end) 
VALUES (23, '15:00', '08:00', '19:00', '21:00');

-- Shift 24: Mon 24/11/25 - 15:00 to 0:00 next day, 2 hour breaks
INSERT INTO shifts (entry_id, entry, exit, break_start, break_end) 
VALUES (24, '15:00', '00:00', '18:00', '20:00');

-- Shift 25: Tue 25/11/25 - 15:00 to 0:00 next day, 1 hour break
INSERT INTO shifts (entry_id, entry, exit, break_start, break_end) 
VALUES (25, '15:00', '00:00', '19:00', '20:00');

-- Shift 26: Wed 26/11/25 - 15:00 to 0:00 next day, 1 hour break
INSERT INTO shifts (entry_id, entry, exit, break_start, break_end) 
VALUES (26, '15:00', '00:00', '19:00', '20:00');

-- Shift 27: Thu 27/11/25 - 15:00 to 0:00 next day, 1 hour break
INSERT INTO shifts (entry_id, entry, exit, break_start, break_end) 
VALUES (27, '15:00', '00:00', '19:00', '20:00');

-- Shift 28: Fri 28/11/25 - 15:00 to 0:00 next day, 1 hour break
INSERT INTO shifts (entry_id, entry, exit, break_start, break_end) 
VALUES (28, '15:00', '00:00', '19:00', '20:00');

-- Shift 29: Sat 29/11/25 - 20:00 to 8:00 next day, 1 hour break
INSERT INTO shifts (entry_id, entry, exit, break_start, break_end) 
VALUES (29, '20:00', '08:00', '00:00', '01:00');

-- Shift 30: Sun 30/11/25 - 20:00 to 8:00 next day, 1 hour break
INSERT INTO shifts (entry_id, entry, exit, break_start, break_end) 
VALUES (30, '20:00', '08:00', '00:00', '01:00');
